{
  "Ok": "طيب ",
  "by": "بواسطة ",
  "id": "الكود ",
  "no": "لا ",
  "or": "أو ",
  "all": "كل ",
  "and": "و /- ",
  "faq": "الأسئلة التي يكثر طرحها ",
  "yes": "نعم. ",
  "Item": "البند ",
  "Oops": "اوبس ! ",
  "area": "المنطقة ",
  "cart": "عربة ",
  "city": "المدينة ",
  "date": "التاريخ ",
  "home": "الصفحة الرئيسية ",
  "name": "الاسم ",
  "shop": "متجر ",
  "unit": "وحدة ",
  "Paytm": "بايتم ",
  "apply": "تطبيق ",
  "brand": "العلامة التجارية ",
  "email": "البريد الالكتروني ",
  "login": "بدء الاتصال ",
  "order": "الترتيب ",
  "price": "السعر ",
  "saved": "تم الحفظ ",
  "share": "مشاركة ",
  "total": "المجموع ",
  "NotNow": "ليس الآن ",
  "Paypal": "باي بال ",
  "action": "الإجراء ",
  "amount": "المبلغ ",
  "cancel": "الغاء ",
  "coupon": "كوبون ",
  "delete": "ازالة ",
  "filter": "مرشح البيانات ",
  "logout": "انهاء الاتصال ",
  "mobile": "الموبايل : ",
  "remove": "ازالة ",
  "return": "ارجاع ",
  "search": "بحث ",
  "sortBy": "فرز بواسطة ",
  "status": "الحالة ",
  "stripe": "شريط   ",
  "update": "تعديل ",
  "Invoice": "الفاتورة ",
  "address": "العنوان ",
  "applied": "تم التطبيق ",
  "company": "الشركة ",
  "confirm": "تأكيد ",
  "product": "المنتج ",
  "profile": "ملف المواصفات الخاص بي ",
  "see_all": "مشاهدة الكل ",
  "shop_by": "يتم التسوق بواسطة ",
  "welcome": "أهلا وسهلا ",
  "Settings": "المحددات ",
  "ShowFile": "عرض الملف ",
  "about_us": "نبذة عنا ",
  "accepted": "المتهم ",
  "by_price": "بواسطة السعر ",
  "checkout": "تسجيل خروج ",
  "clearAll": "محو كل ",
  "discount": "الخصم ",
  "gridView": "مشاهدة الشبكة ",
  "listView": "مشاهدة كشف ",
  "no_order": "لم يتم ايجاد أوامر ",
  "paystack": "كشف الرواتب ",
  "products": "المنتجات ",
  "quantity": "الكمية ",
  "razorpay": "رازورباي",
  "register": "تسجيل ",
  "userName": "اسم المستخدم ",
  "wishList": "قائمة الرغبات ",
  "UpdateApp": "تطبيق التعديل ",
  "follow_us": "اتبعنا ",
  "save_info": "حفظ معلومات ",
  "sub_total": "المجموع الفرعي ",
  "there_are": "هناك ",
  "viewSaved": "تم حفظ المشاهدة ",
  "view_cart": "مشاهدة عربة ",
  "your_cart": "عربة الخاص بك ",
  "GetInvoice": "الحصول على الفاتورة ",
  "TimeUpdate": "الوقت للتعديل ! ",
  "all_orders": "كل الطلبات ",
  "categories": "الفئات ",
  "contact_us": "اتصل بنا ",
  "deliver_to": "تسليم الى ",
  "enter_area": "ادخال مساحة ",
  "enter_city": "أدخل المدينة ",
  "go_to_home": "اذهب الى الصفحة الرئيسية ",
  "my_account": "الحساب الخاص بى ",
  "popularity": "شعبية ",
  "store_info": "معلومات الحفظ ",
  "add_to_cart": "اضافة الى عربة ",
  "enter_state": "ادخال الحالة ",
  "get_invoice": "الحصول على الفاتورة ",
  "have_coupon": "هل لديك كوبون ؟ ",
  "high_to_low": "السعر-عالي الى منخفض ",
  "low_to_high": "السعر من الارخص للاعلى",
  "new_address": "عنوان جديد ",
  "offer_title": "عرض أكثر واحد لك ",
  "place_order": "ترتيب المكان ",
  "promo_codes": "أكواد الوعد ",
  "tap_to_copy": "التصفيق للنسخ ",
  "track_order": "تتبع الترتيب ",
  "view_coupon": "عرض القسيمة ",
  "address_type": "نوع العنوان ",
  "edit_profile": "تحرير ملف المواصفات ",
  "logout_title": "انهاء الاتصال ! ",
  "newest_first": "نغرب أولا ",
  "notification": "الاشعار ",
  "offer_header": "اختيار عرض واحد ",
  "oldest_first": "أقدم أول ",
  "out_of_stock": "خارج المخزون ",
  "prefered_day": "يوم التسليم المفضل ",
  "product_tags": "شارات التعليم للمنتج ",
  "profile_info": "استعراض بياني لملف المواصفات ",
  "profile_note": "ملحوظة : يجب أن تقوم بتعديل ملف المواصفات الخاص بك لأغراض بدء الاتصال ",
  "transactions": "المعاملات ",
  "alt_mobile_no": "رقم التليفون المحمول البديل ",
  "clear_filters": "محو كل ",
  "enter_country": "قم بادخال البلد ",
  "enter_pincode": "أدخل الرمز السري ",
  "mobile_number": "رقم التليفون المحمول ",
  "order_summary": "ملخص الطلب ",
  "prefered_time": "وقت التسليم المسبق ",
  "referral_code": "كود الاحالة (اختياري) ",
  "share_product": "مشاركة المنتج ",
  "you_will_save": "ستقوم بالحفظ ",
  "your_wishlist": "قائمة امنياتك ",
  "delete_account": "حذف حساب ",
  "enter_landmark": "ادخال حدث رئيسي ",
  "login_continue": "بدء الاتصال للاستمرار ",
  "logout_message": "هل أنت متأكد ؟ \nهل تريد انهاء الاتصال ؟ ",
  "manage_address": "ادارة عنوان ",
  "no_transaction": "لم يتم ايجاد معاملة",
  "not_applicable": "غير قابل للتطبيق",
  "on_this_coupon": "على هذه الكوبون ",
  "page_not_found": "لم يتم ايجاد الصفحة ",
  "payment_method": "طريقة السداد ",
  "privacy_policy": "الخصوصية والسياسة ",
  "products_found": "المنتجات الموجودة ",
  "update_profile": "تحديث ملف المواصفات ",
  "add_new_address": "اضافة عنوان جديد ",
  "address_details": "تفاصيل العنوان ",
  "billing_details": "تفاصيل الفواتير ",
  "category_footer": "الفئات ",
  "contact_details": "تفاصيل جهة الاتصال ",
  "delivery_charge": "تكلفة التسليم ",
  "enter_user_name": "أدخل اسم المستخدم ",
  "related_product": "المنتجات المتعلقة ",
  "select_location": "تحديد مكان التسليم ",
  "shipping_policy": "سياسة الشحن ",
  "adress_type_home": "الصفحة الرئيسية ",
  "all_notification": "كل الاخطارات ",
  "cash_on_delivery": "الدفع نقدا عند التسليم ",
  "confirm_location": "تأكيد مكان ",
  "otp_send_message": "لقد أرسلنا رمز للتحقق إلى ",
  "product_category": "فئة المنتج ",
  "product_variants": "اختلافات المنتج ",
  "terms_of_service": "شروط الخدمة ",
  "agreement_message": "اوافق على ",
  "enter_valid_email": "أدخل عنوان البريد الالكتروني الصحيح ",
  "tell_us_about_you": "أخبرنا قليلا عنك ",
  "address_type_other": "مسائل أخرى ",
  "downloadAppsFooter": "تحميل التطبيقات ",
  "login_enter_number": "قم بادخال رقم التليفون للاستمرار وسنقوم بارسال كود تحقق لهذا الرقم. ",
  "product_desc_title": "وصف المنتج ",
  "unable_to_checkout": "لا يمكن الغاء التخصيص ",
  "verify_and_proceed": "التحقق من والاستمرار ",
  "AppUnderMaintenance": "تحت الصيانة ",
  "address_type_office": "المكتب ",
  "cancellation_policy": "سياسة الالغاء ",
  "delete_user_message": "هل أنت متأكد ؟ \nهل ترغب في حذف الحساب ؟ \nلن تقوم بالتراجع مرة واحدة لحذف حساب ! ",
  "proceed_to_checkout": "الاستمرار الى الدفع ",
  "transaction_history": "السجل التاريخي للعمليات ",
  "AppUpdateDescription": "أضفنا الكثير من الخصائص الجديدة وقمنا بإصلاح بعض البق لجعل تجربتك سلسة قدر الإمكان. ",
  "VoiceToSearchProduct": "بحث بواسطة الصوت ",
  "discount_high_to_low": "الخصم-عالي الى منخفض ",
  "out_of_stock_message": "Oops ، عدد محدود المتاح ! ",
  "product_in_your_cart": "منتج في عربة التسوق الخاصة بك ",
  "terms_and_conditions": "الشروط والأحكام ",
  "FileSavedSuccessfully": "تم حفظ الملف بنجاح ! ",
  "product_in_your_saved": "المنتج في كشف Wislist الخاص بك ",
  "PaymentCancelledByUser": "تم الغاء السداد بواسطة المستخدم. ",
  "enter_wishlist_message": "كشف wislist الخاص بك خالي ",
  "set_as_default_address": "تحديد كعنوان مفترض ",
  "FilterTypesListPackSize": "حجم الحزمة ",
  "empty_cart_list_message": "عربة الخاص بك خالية ",
  "enter_verification_code": "ادخال كود التحقق ",
  "preferred_delivery_time": "وقت التسليم المفضل ",
  "use_my_current_location": "استخدام المكان الحالي الخاص بي ",
  "order_placed_description": "تم وضع الطلب الخاص بك بنجاح. ",
  "profile_info_description": "هذه معلومات أولية عنك لا تقلق يمكنك تغييرها في أي وقت ",
  "select_delivery_location": "تحديد مكان التسليم الخاص بك ",
  "enter_wishlist_description": "استكشف المزيد وقم بوضع قائمة مختصرة ببعض البنود. ",
  "OopsOrderItemUnableToCancel": "اوبس ! بند الطلب غير قادر على الالغاء ! ",
  "empty_cart_list_button_name": "التسوق الآن ",
  "empty_cart_list_description": "تبدو وكأنك لم تضيف أي شيء إلى عربتك بعد ",
  "recharge_and_exchange_policy": "سياسة عمليات الارجاع والارجاع ",
  "enter_text_to_search_products": "أدخل نص للبحث في المنتجات ! ",
  "OrderItemCancelledSuccessfully": "تم الغاء طلب بند بنجاح ! ",
  "empty_notification_list_message": "لا يوجد اعلام ",
  "required_login_message_for_cart": "اوبس !  يجب أن تقوم ببدء الاتصال أولا لاضافة بنود الى عربة التسوق ! ",
  "order_status_display_name_shipped": "تم الشحن ",
  "order_status_display_name_recieved": "استقبل ",
  "empty_notification_list_description": "لا يوجد لديك اشعار الآن بالعودة في وقت لاحق. ",
  "order_status_display_name_delivered": "تم التسليم ",
  "required_login_message_for_wishlist": "أُووبس! تحتاج إلى تسجيل الدخول أولا لإضافة العناصر إلى قائمة الرغبات!",
  "required_login_message_for_cartRedirect": "اوبس !  يجب أن تقوم ببدء الاتصال أولا للتوصل الى عربة التسوق ! ",
  "required_login_message_for_notification": "اوبس !  يجب أن تقوم ببدء الاتصال أولا للتوصل الى الاعلام ! ",
  "order_status_display_name_out_for_delivery": "خارج لتسليم ",
  "active_orders": "الأوامر الفعالة ",
  "previous_orders": "الطلبات السابقة ",
  "license_no": "ترخيص لا ",
  "items": "البنود ",
  "your_order_has_been": "طلبك كان ",
  "successfully": "نجاح ",
  "delivery_information": "معلومات التسليم ",
  "delivery_to": "تسليم الى ",
  "transaction_id": "كود المعاملة ",
  "order_details": "تفاصيل الطلب"
}